Date,A1,A2,A3,R1,R2,R3,M1,M2,M3,P1,P2,P3,D1
01/04/2010,2.718,2.677,2.802,2.665,2.627,2.745,2.784,2.73,2.889,2.905,2.869,2.972,2.797
01/11/2010,2.804,2.768,2.877,2.751,2.717,2.822,2.869,2.823,2.958,2.988,2.959,3.042,2.879
01/18/2010,2.793,2.755,2.87,2.739,2.703,2.813,2.861,2.813,2.954,2.983,2.951,3.041,2.87
01/25/2010,2.76,2.719,2.844,2.705,2.666,2.787,2.832,2.78,2.932,2.953,2.918,3.018,2.833
02/01/2010,2.717,2.672,2.809,2.661,2.618,2.75,2.787,2.731,2.897,2.911,2.871,2.984,2.781
02/08/2010,2.707,2.664,2.796,2.652,2.611,2.738,2.778,2.723,2.885,2.9,2.862,2.973,2.769
02/15/2010,2.664,2.617,2.761,2.608,2.563,2.701,2.738,2.678,2.853,2.862,2.818,2.943,2.756
02/22/2010,2.709,2.673,2.783,2.655,2.621,2.726,2.778,2.731,2.869,2.899,2.867,2.958,2.832
03/01/2010,2.756,2.723,2.824,2.702,2.671,2.768,2.827,2.784,2.911,2.943,2.917,2.992,2.861
03/08/2010,2.804,2.773,2.868,2.751,2.721,2.813,2.871,2.829,2.952,2.988,2.964,3.034,2.904
03/15/2010,2.841,2.812,2.9,2.788,2.76,2.846,2.908,2.87,2.982,3.024,3.002,3.063,2.924
03/22/2010,2.87,2.842,2.928,2.819,2.792,2.875,2.936,2.897,3.012,3.05,3.028,3.09,2.946
03/29/2010,2.851,2.816,2.921,2.798,2.765,2.867,2.918,2.873,3.006,3.034,3.006,3.086,2.939
04/05/2010,2.877,2.844,2.944,2.826,2.795,2.891,2.94,2.897,3.024,3.056,3.029,3.106,3.015
04/12/2010,2.909,2.879,2.97,2.858,2.829,2.917,2.972,2.933,3.048,3.088,3.065,3.131,3.069
04/19/2010,2.911,2.881,2.973,2.86,2.831,2.92,2.974,2.935,3.051,3.091,3.068,3.135,3.074
04/26/2010,2.901,2.865,2.976,2.849,2.815,2.922,2.966,2.92,3.054,3.083,3.053,3.141,3.078
05/03/2010,2.95,2.914,3.023,2.898,2.864,2.97,3.011,2.967,3.096,3.131,3.103,3.185,3.122
05/10/2010,2.958,2.921,3.034,2.905,2.87,2.979,3.023,2.976,3.113,3.142,3.109,3.202,3.127
05/17/2010,2.918,2.874,3.007,2.864,2.823,2.95,2.985,2.932,3.088,3.107,3.067,3.181,3.094
05/24/2010,2.842,2.794,2.939,2.786,2.741,2.88,2.914,2.856,3.026,3.037,2.993,3.12,3.021
05/31/2010,2.784,2.731,2.891,2.728,2.679,2.83,2.855,2.789,2.981,2.98,2.929,3.074,2.98
06/07/2010,2.78,2.725,2.892,2.725,2.674,2.831,2.849,2.778,2.986,2.972,2.917,3.075,2.946
06/14/2010,2.756,2.703,2.864,2.701,2.652,2.803,2.825,2.756,2.958,2.947,2.894,3.047,2.928
06/21/2010,2.795,2.745,2.898,2.743,2.696,2.84,2.861,2.794,2.989,2.98,2.931,3.071,2.961
06/28/2010,2.809,2.76,2.91,2.757,2.712,2.852,2.873,2.807,3,2.992,2.944,3.081,2.956
07/05/2010,2.779,2.724,2.889,2.726,2.676,2.83,2.846,2.774,2.984,2.964,2.91,3.066,2.924
07/12/2010,2.771,2.715,2.885,2.718,2.666,2.826,2.838,2.765,2.98,2.956,2.901,3.059,2.903
07/19/2010,2.775,2.72,2.886,2.722,2.672,2.827,2.843,2.771,2.981,2.958,2.904,3.058,2.899
07/26/2010,2.801,2.751,2.901,2.749,2.703,2.843,2.867,2.801,2.995,2.982,2.933,3.072,2.919
08/02/2010,2.788,2.736,2.894,2.735,2.687,2.836,2.856,2.788,2.988,2.973,2.922,3.067,2.928
08/09/2010,2.835,2.789,2.929,2.783,2.74,2.873,2.903,2.842,3.021,3.016,2.973,3.095,2.991
08/16/2010,2.798,2.746,2.904,2.745,2.696,2.847,2.869,2.802,3,2.982,2.933,3.073,2.979
08/23/2010,2.759,2.703,2.872,2.704,2.653,2.812,2.831,2.758,2.972,2.945,2.891,3.046,2.957
08/30/2010,2.736,2.69,2.831,2.682,2.64,2.771,2.806,2.743,2.93,2.922,2.875,3.009,2.938
09/06/2010,2.735,2.695,2.815,2.682,2.647,2.755,2.803,2.748,2.911,2.917,2.877,2.992,2.931
09/13/2010,2.772,2.742,2.834,2.721,2.695,2.776,2.836,2.79,2.926,2.95,2.92,3.006,2.943
09/20/2010,2.775,2.751,2.824,2.723,2.703,2.766,2.844,2.806,2.917,2.954,2.931,2.999,2.96
09/27/2010,2.747,2.718,2.807,2.694,2.668,2.747,2.818,2.775,2.9,2.932,2.903,2.985,2.951
10/04/2010,2.784,2.754,2.845,2.732,2.705,2.787,2.85,2.807,2.933,2.966,2.938,3.019,3
10/11/2010,2.871,2.842,2.929,2.819,2.793,2.873,2.934,2.894,3.011,3.053,3.029,3.097,3.066
10/18/2010,2.887,2.845,2.972,2.834,2.795,2.917,2.953,2.9,3.056,3.071,3.034,3.14,3.073
10/25/2010,2.87,2.823,2.966,2.817,2.772,2.909,2.938,2.879,3.053,3.058,3.014,3.139,3.067
11/01/2010,2.861,2.811,2.962,2.806,2.76,2.903,2.929,2.867,3.05,3.051,3.004,3.139,3.067
11/08/2010,2.917,2.881,2.99,2.865,2.832,2.934,2.979,2.931,3.073,3.102,3.069,3.161,3.116
11/15/2010,2.944,2.899,3.035,2.892,2.849,2.98,3.007,2.952,3.115,3.13,3.089,3.205,3.184
11/22/2010,2.931,2.88,3.037,2.876,2.828,2.979,2.999,2.937,3.119,3.124,3.075,3.215,3.171
11/29/2010,2.912,2.858,3.022,2.856,2.805,2.963,2.982,2.917,3.107,3.108,3.056,3.205,3.162
12/06/2010,3.013,2.97,3.101,2.958,2.917,3.045,3.079,3.027,3.181,3.207,3.169,3.277,3.197
12/13/2010,3.035,2.99,3.126,2.98,2.937,3.07,3.101,3.047,3.204,3.227,3.189,3.299,3.231
12/20/2010,3.037,2.987,3.14,2.982,2.934,3.084,3.104,3.046,3.217,3.231,3.188,3.313,3.248
12/27/2010,3.106,3.067,3.185,3.052,3.015,3.13,3.171,3.124,3.262,3.296,3.264,3.354,3.294
01/03/2011,3.124,3.086,3.201,3.07,3.034,3.146,3.188,3.142,3.278,3.314,3.283,3.372,3.331
01/10/2011,3.142,3.103,3.221,3.089,3.052,3.166,3.204,3.157,3.297,3.33,3.298,3.391,3.333
01/17/2011,3.158,3.12,3.235,3.104,3.068,3.179,3.222,3.174,3.313,3.347,3.316,3.406,3.407
01/24/2011,3.163,3.125,3.241,3.11,3.074,3.186,3.227,3.18,3.318,3.353,3.322,3.412,3.43
01/31/2011,3.155,3.113,3.241,3.101,3.061,3.186,3.221,3.169,3.321,3.345,3.308,3.413,3.438
02/07/2011,3.185,3.145,3.266,3.132,3.094,3.211,3.251,3.202,3.345,3.371,3.338,3.434,3.513
02/14/2011,3.193,3.147,3.288,3.14,3.095,3.233,3.259,3.203,3.368,3.382,3.343,3.455,3.534
02/21/2011,3.243,3.193,3.345,3.189,3.141,3.29,3.311,3.251,3.428,3.428,3.384,3.511,3.573
02/28/2011,3.435,3.392,3.523,3.383,3.341,3.471,3.499,3.446,3.603,3.62,3.587,3.683,3.716
03/07/2011,3.572,3.524,3.671,3.52,3.473,3.617,3.636,3.576,3.753,3.758,3.717,3.834,3.871
03/14/2011,3.621,3.569,3.726,3.567,3.517,3.671,3.69,3.626,3.813,3.809,3.768,3.887,3.908
03/21/2011,3.617,3.56,3.732,3.562,3.507,3.678,3.686,3.617,3.819,3.806,3.759,3.893,3.907
03/28/2011,3.65,3.59,3.771,3.596,3.538,3.719,3.718,3.647,3.857,3.836,3.787,3.925,3.932
04/04/2011,3.737,3.686,3.84,3.684,3.635,3.786,3.801,3.737,3.925,3.921,3.88,3.998,3.976
04/11/2011,3.843,3.793,3.947,3.791,3.743,3.893,3.907,3.842,4.032,4.027,3.985,4.105,4.078
04/18/2011,3.896,3.837,4.017,3.844,3.787,3.964,3.96,3.887,4.101,4.08,4.029,4.177,4.105
04/25/2011,3.932,3.867,4.064,3.879,3.817,4.011,3.994,3.916,4.143,4.117,4.059,4.225,4.098
05/02/2011,4.014,3.955,4.134,3.963,3.906,4.081,4.075,4.004,4.212,4.198,4.144,4.297,4.124
05/09/2011,4.018,3.957,4.142,3.965,3.907,4.087,4.081,4.009,4.221,4.206,4.15,4.31,4.104
05/16/2011,4.014,3.956,4.132,3.96,3.905,4.076,4.079,4.01,4.213,4.204,4.15,4.305,4.061
05/23/2011,3.904,3.84,4.035,3.849,3.788,3.976,3.975,3.9,4.12,4.1,4.036,4.218,3.997
05/30/2011,3.848,3.791,3.965,3.794,3.741,3.905,3.914,3.842,4.053,4.041,3.981,4.15,3.948
06/06/2011,3.833,3.785,3.929,3.781,3.738,3.87,3.891,3.827,4.014,4.02,3.97,4.112,3.94
06/13/2011,3.767,3.713,3.877,3.713,3.664,3.816,3.829,3.761,3.961,3.958,3.902,4.063,3.954
06/20/2011,3.708,3.647,3.831,3.652,3.597,3.769,3.776,3.702,3.919,3.904,3.84,4.022,3.95
06/27/2011,3.631,3.565,3.765,3.574,3.513,3.702,3.7,3.621,3.852,3.833,3.764,3.959,3.888
07/04/2011,3.634,3.584,3.736,3.579,3.534,3.674,3.699,3.635,3.822,3.829,3.775,3.929,3.85
07/11/2011,3.695,3.658,3.771,3.641,3.608,3.71,3.756,3.707,3.851,3.889,3.851,3.96,3.899
07/18/2011,3.736,3.699,3.812,3.682,3.648,3.753,3.796,3.75,3.885,3.932,3.896,3.998,3.923
07/25/2011,3.754,3.72,3.824,3.699,3.667,3.766,3.819,3.777,3.899,3.951,3.919,4.01,3.949
08/01/2011,3.766,3.737,3.826,3.711,3.684,3.768,3.829,3.792,3.9,3.963,3.937,4.013,3.937
08/08/2011,3.73,3.698,3.794,3.674,3.646,3.733,3.794,3.753,3.872,3.927,3.895,3.985,3.897
08/15/2011,3.662,3.629,3.727,3.604,3.576,3.664,3.728,3.686,3.81,3.865,3.832,3.927,3.835
08/22/2011,3.638,3.605,3.705,3.581,3.552,3.641,3.703,3.658,3.791,3.839,3.804,3.904,3.81
08/29/2011,3.682,3.651,3.744,3.627,3.601,3.683,3.746,3.703,3.828,3.874,3.842,3.933,3.82
09/05/2011,3.727,3.692,3.8,3.674,3.643,3.741,3.791,3.742,3.885,3.914,3.878,3.98,3.868
09/12/2011,3.715,3.678,3.79,3.661,3.629,3.729,3.78,3.728,3.881,3.904,3.866,3.974,3.862
09/19/2011,3.657,3.611,3.751,3.601,3.56,3.688,3.727,3.666,3.846,3.853,3.805,3.941,3.833
09/26/2011,3.568,3.514,3.677,3.509,3.461,3.612,3.642,3.573,3.775,3.77,3.716,3.871,3.786
10/03/2011,3.492,3.435,3.609,3.433,3.381,3.543,3.569,3.495,3.711,3.698,3.64,3.806,3.749
10/10/2011,3.476,3.422,3.584,3.417,3.368,3.52,3.551,3.481,3.685,3.679,3.627,3.777,3.721
10/17/2011,3.533,3.484,3.632,3.476,3.431,3.571,3.604,3.54,3.728,3.73,3.683,3.818,3.801
10/24/2011,3.52,3.469,3.623,3.462,3.415,3.56,3.594,3.529,3.721,3.721,3.673,3.811,3.825
10/31/2011,3.511,3.46,3.614,3.452,3.405,3.551,3.587,3.52,3.714,3.713,3.664,3.803,3.892
11/07/2011,3.482,3.424,3.599,3.424,3.37,3.535,3.558,3.483,3.701,3.683,3.627,3.788,3.887
11/14/2011,3.495,3.442,3.602,3.436,3.388,3.538,3.571,3.502,3.703,3.697,3.647,3.792,3.987
11/21/2011,3.427,3.367,3.55,3.368,3.312,3.485,3.503,3.426,3.652,3.634,3.576,3.741,4.01
11/28/2011,3.368,3.305,3.496,3.307,3.248,3.43,3.447,3.367,3.601,3.581,3.52,3.694,3.964
12/05/2011,3.35,3.296,3.46,3.29,3.24,3.395,3.426,3.355,3.562,3.56,3.508,3.656,3.931
12/12/2011,3.346,3.301,3.437,3.286,3.244,3.372,3.421,3.362,3.537,3.554,3.512,3.633,3.894
12/19/2011,3.29,3.242,3.39,3.229,3.183,3.325,3.368,3.306,3.489,3.504,3.46,3.587,3.828
12/26/2011,3.317,3.269,3.413,3.258,3.213,3.35,3.388,3.326,3.508,3.524,3.481,3.603,3.791
01/02/2012,3.358,3.31,3.454,3.299,3.254,3.393,3.429,3.368,3.548,3.567,3.527,3.641,3.783
01/09/2012,3.441,3.39,3.546,3.382,3.333,3.486,3.512,3.448,3.637,3.649,3.607,3.725,3.828
01/16/2012,3.451,3.4,3.554,3.391,3.342,3.494,3.522,3.459,3.645,3.66,3.621,3.734,3.854
01/23/2012,3.45,3.392,3.566,3.389,3.333,3.505,3.522,3.453,3.655,3.664,3.617,3.75,3.848
01/30/2012,3.5,3.446,3.61,3.439,3.386,3.55,3.573,3.51,3.694,3.716,3.675,3.793,3.85
02/06/2012,3.542,3.496,3.637,3.482,3.436,3.578,3.614,3.558,3.723,3.756,3.721,3.822,3.856
02/13/2012,3.584,3.526,3.702,3.523,3.466,3.642,3.659,3.593,3.787,3.798,3.751,3.885,3.943
02/20/2012,3.652,3.582,3.794,3.591,3.523,3.735,3.729,3.647,3.887,3.865,3.808,3.971,3.96
02/27/2012,3.78,3.698,3.945,3.721,3.641,3.889,3.855,3.759,4.041,3.983,3.915,4.11,4.051
03/05/2012,3.849,3.771,4.009,3.793,3.717,3.954,3.92,3.824,4.104,4.043,3.977,4.167,4.094
03/12/2012,3.884,3.8,4.056,3.829,3.747,4.002,3.954,3.852,4.15,4.077,4.003,4.214,4.123
03/19/2012,3.923,3.841,4.089,3.867,3.787,4.034,3.993,3.895,4.182,4.117,4.045,4.249,4.142
03/26/2012,3.973,3.897,4.129,3.918,3.843,4.076,4.042,3.952,4.216,4.168,4.104,4.287,4.147
04/02/2012,3.996,3.928,4.135,3.941,3.874,4.08,4.063,3.981,4.222,4.193,4.136,4.299,4.142
04/09/2012,3.997,3.934,4.126,3.939,3.877,4.069,4.067,3.993,4.211,4.201,4.148,4.299,4.148
04/16/2012,3.98,3.923,4.097,3.922,3.867,4.039,4.047,3.978,4.181,4.183,4.134,4.275,4.127
04/23/2012,3.929,3.861,4.066,3.87,3.805,4.007,3.999,3.919,4.154,4.136,4.074,4.25,4.085
04/30/2012,3.889,3.821,4.027,3.83,3.764,3.967,3.962,3.882,4.116,4.097,4.036,4.211,4.073
05/07/2012,3.849,3.773,4.005,3.79,3.718,3.943,3.923,3.831,4.101,4.054,3.98,4.19,4.057
05/14/2012,3.814,3.713,4.02,3.754,3.658,3.956,3.895,3.774,4.13,4.02,3.919,4.207,4.004
05/21/2012,3.773,3.676,3.972,3.715,3.622,3.909,3.85,3.731,4.081,3.975,3.878,4.156,3.956
05/28/2012,3.728,3.628,3.932,3.67,3.575,3.868,3.805,3.682,4.043,3.929,3.828,4.117,3.897
06/04/2012,3.671,3.57,3.878,3.613,3.518,3.812,3.75,3.624,3.993,3.871,3.766,4.065,3.846
06/11/2012,3.629,3.541,3.809,3.572,3.489,3.745,3.703,3.592,3.92,3.829,3.74,3.994,3.781
06/18/2012,3.589,3.522,3.724,3.533,3.473,3.66,3.661,3.572,3.833,3.78,3.708,3.914,3.729
06/25/2012,3.494,3.428,3.629,3.437,3.378,3.562,3.568,3.481,3.735,3.693,3.619,3.832,3.678
07/02/2012,3.415,3.343,3.561,3.356,3.291,3.493,3.489,3.398,3.665,3.618,3.54,3.764,3.648
07/09/2012,3.469,3.411,3.588,3.411,3.357,3.522,3.539,3.465,3.682,3.674,3.613,3.789,3.683
07/16/2012,3.485,3.416,3.625,3.427,3.364,3.561,3.551,3.467,3.713,3.69,3.618,3.823,3.695
07/23/2012,3.554,3.491,3.683,3.494,3.435,3.619,3.626,3.552,3.771,3.765,3.703,3.881,3.783
07/30/2012,3.568,3.506,3.693,3.508,3.45,3.63,3.639,3.565,3.78,3.779,3.719,3.889,3.796
08/06/2012,3.702,3.66,3.788,3.645,3.606,3.727,3.767,3.714,3.87,3.907,3.869,3.976,3.85
08/13/2012,3.779,3.717,3.906,3.721,3.662,3.846,3.847,3.771,3.994,3.985,3.928,4.091,3.965
08/20/2012,3.803,3.739,3.934,3.744,3.682,3.873,3.874,3.797,4.023,4.014,3.956,4.12,4.026
08/27/2012,3.837,3.78,3.951,3.776,3.722,3.888,3.909,3.839,4.044,4.051,4.003,4.142,4.089
09/03/2012,3.903,3.854,4.001,3.843,3.797,3.94,3.975,3.916,4.089,4.111,4.07,4.189,4.127
09/10/2012,3.907,3.856,4.012,3.847,3.799,3.949,3.981,3.919,4.1,4.119,4.071,4.208,4.132
09/17/2012,3.939,3.89,4.038,3.878,3.832,3.974,4.013,3.955,4.124,4.154,4.108,4.239,4.135
09/24/2012,3.889,3.834,4.002,3.826,3.775,3.934,3.966,3.899,4.098,4.11,4.056,4.21,4.086
10/01/2012,3.866,3.808,3.986,3.804,3.75,3.916,3.944,3.87,4.086,4.087,4.026,4.2,4.079
10/08/2012,3.914,3.8,4.147,3.85,3.742,4.078,4.002,3.864,4.27,4.133,4.02,4.344,4.094
10/15/2012,3.886,3.774,4.113,3.819,3.713,4.042,3.976,3.841,4.238,4.113,4.004,4.316,4.15
10/22/2012,3.756,3.645,3.981,3.687,3.582,3.908,3.85,3.717,4.107,3.992,3.884,4.193,4.116
10/29/2012,3.638,3.545,3.826,3.568,3.48,3.752,3.733,3.622,3.948,3.878,3.788,4.044,4.03
11/05/2012,3.563,3.471,3.749,3.492,3.406,3.673,3.652,3.542,3.864,3.808,3.717,3.978,4.01
11/12/2012,3.518,3.437,3.685,3.449,3.372,3.611,3.605,3.509,3.793,3.761,3.678,3.913,3.98
11/19/2012,3.497,3.423,3.649,3.429,3.36,3.573,3.579,3.489,3.754,3.74,3.662,3.885,3.976
11/26/2012,3.505,3.445,3.628,3.437,3.382,3.553,3.585,3.511,3.73,3.746,3.684,3.861,4.034
12/03/2012,3.463,3.401,3.589,3.394,3.337,3.513,3.548,3.474,3.692,3.707,3.643,3.826,4.027
12/10/2012,3.419,3.363,3.534,3.349,3.297,3.459,3.504,3.436,3.636,3.664,3.606,3.77,3.991
12/17/2012,3.324,3.263,3.448,3.254,3.198,3.371,3.409,3.336,3.551,3.571,3.507,3.69,3.945
12/24/2012,3.328,3.271,3.444,3.257,3.205,3.366,3.415,3.346,3.548,3.576,3.517,3.688,3.923
12/31/2012,3.369,3.311,3.486,3.298,3.245,3.41,3.455,3.386,3.587,3.617,3.56,3.723,3.918
01/07/2013,3.373,3.304,3.512,3.299,3.233,3.437,3.463,3.383,3.616,3.631,3.568,3.748,3.911
01/14/2013,3.377,3.308,3.519,3.303,3.236,3.444,3.467,3.386,3.623,3.637,3.575,3.753,3.894
01/21/2013,3.386,3.321,3.519,3.315,3.254,3.444,3.473,3.394,3.626,3.636,3.574,3.751,3.902
01/28/2013,3.427,3.362,3.558,3.357,3.296,3.484,3.512,3.434,3.663,3.673,3.613,3.783,3.927
02/04/2013,3.604,3.534,3.748,3.538,3.471,3.678,3.683,3.598,3.848,3.841,3.776,3.963,4.022
02/11/2013,3.677,3.599,3.836,3.611,3.537,3.769,3.756,3.663,3.938,3.91,3.838,4.042,4.104
02/18/2013,3.812,3.753,3.932,3.747,3.69,3.866,3.891,3.819,4.031,4.042,3.993,4.132,4.157
02/25/2013,3.851,3.787,3.98,3.784,3.722,3.914,3.934,3.859,4.08,4.084,4.031,4.181,4.159
03/04/2013,3.826,3.763,3.955,3.759,3.698,3.888,3.91,3.833,4.06,4.061,4.009,4.158,4.13
03/11/2013,3.779,3.71,3.918,3.71,3.644,3.85,3.865,3.783,4.022,4.018,3.96,4.124,4.088
03/18/2013,3.764,3.699,3.897,3.696,3.633,3.829,3.85,3.772,4.001,4.002,3.946,4.104,4.047
03/25/2013,3.746,3.68,3.881,3.68,3.616,3.813,3.828,3.749,3.982,3.981,3.924,4.087,4.006
04/01/2013,3.714,3.638,3.867,3.645,3.572,3.799,3.798,3.71,3.969,3.953,3.887,4.076,3.993
04/08/2013,3.676,3.604,3.822,3.608,3.539,3.751,3.761,3.673,3.93,3.916,3.852,4.034,3.977
04/15/2013,3.611,3.535,3.766,3.542,3.469,3.694,3.7,3.609,3.878,3.852,3.782,3.98,3.942
04/22/2013,3.603,3.536,3.74,3.536,3.472,3.671,3.687,3.604,3.847,3.836,3.777,3.947,3.887
04/29/2013,3.587,3.519,3.725,3.52,3.455,3.657,3.668,3.584,3.829,3.822,3.763,3.931,3.851
05/06/2013,3.602,3.54,3.729,3.538,3.478,3.662,3.681,3.603,3.832,3.83,3.776,3.93,3.845
05/13/2013,3.665,3.601,3.795,3.603,3.543,3.729,3.739,3.656,3.9,3.883,3.824,3.993,3.866
05/20/2013,3.729,3.687,3.816,3.673,3.636,3.752,3.801,3.741,3.918,3.926,3.88,4.011,3.89
05/27/2013,3.704,3.656,3.802,3.645,3.601,3.736,3.779,3.714,3.904,3.912,3.863,4.003,3.88
06/03/2013,3.705,3.664,3.788,3.646,3.61,3.721,3.773,3.712,3.892,3.913,3.87,3.992,3.869
06/10/2013,3.715,3.674,3.798,3.655,3.619,3.731,3.783,3.722,3.9,3.929,3.891,4,3.849
06/17/2013,3.689,3.636,3.798,3.626,3.577,3.73,3.764,3.692,3.901,3.912,3.863,4.005,3.841
06/24/2013,3.645,3.563,3.81,3.577,3.498,3.741,3.733,3.635,3.922,3.88,3.807,4.015,3.838
07/01/2013,3.567,3.478,3.748,3.496,3.41,3.676,3.66,3.557,3.86,3.813,3.732,3.964,3.817
07/08/2013,3.563,3.481,3.729,3.492,3.413,3.657,3.654,3.558,3.84,3.81,3.737,3.947,3.828
07/15/2013,3.706,3.634,3.853,3.639,3.57,3.786,3.786,3.701,3.952,3.943,3.88,4.059,3.867
07/22/2013,3.751,3.678,3.898,3.682,3.612,3.831,3.831,3.746,3.995,3.993,3.932,4.105,3.903
07/29/2013,3.716,3.638,3.876,3.646,3.57,3.806,3.801,3.71,3.975,3.963,3.895,4.091,3.915
08/05/2013,3.701,3.633,3.84,3.632,3.566,3.769,3.781,3.7,3.938,3.947,3.887,4.059,3.909
08/12/2013,3.633,3.562,3.778,3.561,3.493,3.703,3.719,3.635,3.883,3.886,3.82,4.01,3.896
08/19/2013,3.622,3.565,3.738,3.55,3.496,3.664,3.707,3.638,3.841,3.874,3.824,3.967,3.9
08/26/2013,3.623,3.573,3.727,3.552,3.504,3.653,3.707,3.644,3.829,3.875,3.832,3.956,3.913
09/02/2013,3.678,3.641,3.751,3.608,3.575,3.679,3.76,3.713,3.851,3.922,3.893,3.977,3.981
09/09/2013,3.658,3.607,3.761,3.587,3.54,3.687,3.741,3.678,3.864,3.906,3.862,3.987,3.981
09/16/2013,3.619,3.544,3.773,3.547,3.475,3.698,3.709,3.617,3.887,3.87,3.802,3.995,3.974
09/23/2013,3.567,3.493,3.717,3.495,3.425,3.641,3.656,3.564,3.833,3.819,3.751,3.945,3.949
09/30/2013,3.499,3.425,3.651,3.425,3.354,3.574,3.596,3.507,3.77,3.758,3.691,3.881,3.919
10/07/2013,3.441,3.369,3.589,3.367,3.298,3.511,3.535,3.445,3.708,3.701,3.635,3.824,3.897
10/14/2013,3.43,3.368,3.557,3.354,3.296,3.478,3.527,3.451,3.676,3.694,3.638,3.798,3.886
10/21/2013,3.435,3.382,3.542,3.36,3.31,3.464,3.531,3.463,3.663,3.696,3.652,3.779,3.886
10/28/2013,3.372,3.311,3.498,3.294,3.235,3.417,3.475,3.4,3.621,3.644,3.591,3.742,3.87
11/04/2013,3.343,3.284,3.463,3.265,3.209,3.382,3.441,3.366,3.584,3.614,3.564,3.708,3.857
11/11/2013,3.274,3.21,3.405,3.194,3.133,3.323,3.38,3.303,3.528,3.552,3.498,3.651,3.832
11/18/2013,3.298,3.239,3.419,3.219,3.161,3.341,3.401,3.333,3.532,3.573,3.526,3.661,3.822
11/25/2013,3.372,3.32,3.478,3.293,3.241,3.401,3.47,3.413,3.581,3.649,3.611,3.719,3.844
12/02/2013,3.353,3.29,3.482,3.272,3.209,3.403,3.457,3.387,3.592,3.635,3.585,3.729,3.883
12/09/2013,3.35,3.287,3.478,3.269,3.208,3.397,3.453,3.381,3.591,3.632,3.579,3.73,3.879
12/16/2013,3.321,3.245,3.475,3.239,3.165,3.395,3.423,3.339,3.585,3.605,3.541,3.725,3.871
12/23/2013,3.351,3.277,3.502,3.271,3.198,3.422,3.451,3.368,3.613,3.632,3.567,3.751,3.873
12/30/2013,3.409,3.34,3.548,3.331,3.264,3.471,3.503,3.425,3.654,3.682,3.625,3.789,3.903
01/06/2014,3.411,3.34,3.557,3.332,3.261,3.48,3.513,3.434,3.665,3.69,3.633,3.796,3.91
01/13/2014,3.406,3.345,3.53,3.327,3.267,3.452,3.505,3.435,3.641,3.683,3.636,3.771,3.886
01/20/2014,3.376,3.319,3.494,3.296,3.24,3.414,3.477,3.41,3.607,3.657,3.611,3.741,3.873
01/27/2014,3.375,3.32,3.486,3.295,3.241,3.407,3.474,3.41,3.598,3.654,3.612,3.731,3.904
02/03/2014,3.372,3.322,3.475,3.292,3.243,3.395,3.475,3.415,3.59,3.651,3.612,3.723,3.951
02/10/2014,3.388,3.335,3.496,3.309,3.257,3.417,3.487,3.423,3.61,3.664,3.623,3.739,3.977
02/17/2014,3.457,3.402,3.569,3.38,3.326,3.492,3.555,3.491,3.678,3.728,3.686,3.806,3.989
02/24/2014,3.52,3.469,3.624,3.444,3.394,3.55,3.615,3.555,3.73,3.783,3.747,3.85,4.017
03/03/2014,3.553,3.494,3.673,3.479,3.421,3.601,3.648,3.58,3.779,3.812,3.768,3.893,4.016
03/10/2014,3.584,3.523,3.707,3.512,3.452,3.637,3.674,3.605,3.81,3.835,3.788,3.923,4.021
03/17/2014,3.619,3.56,3.74,3.547,3.489,3.669,3.71,3.638,3.848,3.871,3.825,3.956,4.003
03/24/2014,3.622,3.559,3.751,3.549,3.487,3.68,3.716,3.642,3.859,3.876,3.828,3.965,3.988
03/31/2014,3.651,3.592,3.771,3.579,3.521,3.701,3.743,3.673,3.879,3.904,3.86,3.984,3.975
04/07/2014,3.67,3.607,3.798,3.596,3.533,3.728,3.769,3.697,3.907,3.928,3.884,4.009,3.959
04/14/2014,3.725,3.655,3.867,3.651,3.581,3.798,3.823,3.743,3.978,3.976,3.927,4.068,3.952
04/21/2014,3.758,3.687,3.901,3.683,3.612,3.832,3.857,3.779,4.01,4.014,3.966,4.104,3.971
04/28/2014,3.788,3.71,3.947,3.713,3.635,3.879,3.888,3.802,4.055,4.047,3.991,4.152,3.975
05/05/2014,3.761,3.683,3.92,3.684,3.606,3.849,3.864,3.777,4.033,4.027,3.971,4.13,3.964
05/12/2014,3.746,3.675,3.89,3.668,3.597,3.817,3.85,3.771,4.003,4.015,3.966,4.107,3.948
05/19/2014,3.743,3.671,3.889,3.665,3.593,3.816,3.844,3.763,4.002,4.011,3.96,4.106,3.934
05/26/2014,3.75,3.683,3.887,3.674,3.607,3.815,3.85,3.773,3.998,4.014,3.966,4.102,3.925
06/02/2014,3.765,3.699,3.9,3.69,3.624,3.83,3.862,3.786,4.009,4.024,3.977,4.113,3.918
06/09/2014,3.749,3.683,3.882,3.674,3.61,3.811,3.844,3.768,3.992,4.008,3.959,4.098,3.892
06/16/2014,3.76,3.694,3.894,3.686,3.621,3.824,3.853,3.777,4,4.016,3.966,4.109,3.882
06/23/2014,3.778,3.713,3.911,3.704,3.639,3.84,3.873,3.8,4.016,4.036,3.988,4.126,3.919
06/30/2014,3.778,3.708,3.921,3.704,3.635,3.85,3.872,3.793,4.024,4.036,3.981,4.137,3.92
07/07/2014,3.753,3.68,3.903,3.678,3.605,3.831,3.849,3.766,4.01,4.015,3.957,4.123,3.913
07/14/2014,3.712,3.635,3.868,3.635,3.56,3.793,3.811,3.725,3.979,3.978,3.915,4.094,3.894
07/21/2014,3.671,3.599,3.816,3.593,3.523,3.741,3.773,3.692,3.93,3.938,3.881,4.045,3.869
07/28/2014,3.617,3.544,3.766,3.539,3.468,3.687,3.723,3.639,3.886,3.888,3.825,4.005,3.858
08/04/2014,3.595,3.526,3.734,3.515,3.449,3.655,3.701,3.622,3.854,3.866,3.81,3.971,3.853
08/11/2014,3.582,3.522,3.705,3.505,3.447,3.628,3.684,3.612,3.822,3.85,3.8,3.941,3.843
08/18/2014,3.549,3.484,3.682,3.472,3.408,3.605,3.653,3.577,3.8,3.816,3.764,3.915,3.835
08/25/2014,3.532,3.473,3.653,3.454,3.397,3.574,3.635,3.563,3.773,3.8,3.753,3.889,3.821
09/01/2014,3.536,3.486,3.638,3.459,3.41,3.561,3.638,3.577,3.755,3.803,3.767,3.871,3.814
09/08/2014,3.534,3.482,3.639,3.457,3.406,3.563,3.632,3.571,3.751,3.801,3.763,3.871,3.814
09/15/2014,3.485,3.428,3.601,3.408,3.352,3.525,3.585,3.518,3.713,3.754,3.712,3.833,3.801
09/22/2014,3.432,3.375,3.549,3.353,3.296,3.472,3.536,3.47,3.662,3.707,3.666,3.784,3.778
09/29/2014,3.434,3.384,3.537,3.354,3.304,3.459,3.537,3.478,3.652,3.71,3.677,3.773,3.755
10/06/2014,3.382,3.329,3.49,3.299,3.246,3.41,3.492,3.432,3.609,3.667,3.631,3.733,3.733
10/13/2014,3.292,3.229,3.418,3.207,3.147,3.334,3.406,3.335,3.544,3.581,3.532,3.673,3.698
10/20/2014,3.205,3.154,3.309,3.12,3.07,3.223,3.319,3.257,3.439,3.499,3.46,3.571,3.656
10/27/2014,3.139,3.094,3.231,3.056,3.016,3.142,3.248,3.188,3.364,3.425,3.385,3.5,3.635
11/03/2014,3.077,3.037,3.16,2.993,2.956,3.071,3.187,3.133,3.29,3.369,3.335,3.432,3.623
11/10/2014,3.025,2.988,3.1,2.941,2.907,3.012,3.134,3.085,3.229,3.315,3.286,3.37,3.677
11/17/2014,2.978,2.938,3.06,2.894,2.856,2.973,3.088,3.037,3.186,3.27,3.239,3.328,3.661
11/24/2014,2.907,2.864,2.994,2.821,2.781,2.904,3.019,2.964,3.125,3.205,3.17,3.271,3.628
12/01/2014,2.864,2.821,2.953,2.778,2.738,2.861,2.978,2.922,3.086,3.164,3.127,3.234,3.605
12/08/2014,2.767,2.718,2.869,2.679,2.634,2.776,2.882,2.819,3.003,3.072,3.028,3.153,3.535
12/15/2014,2.643,2.586,2.76,2.554,2.499,2.667,2.763,2.694,2.895,2.951,2.902,3.041,3.419
12/22/2014,2.496,2.43,2.629,2.403,2.341,2.535,2.619,2.544,2.766,2.813,2.757,2.917,3.281
12/29/2014,2.392,2.32,2.539,2.299,2.229,2.445,2.517,2.436,2.675,2.713,2.651,2.828,3.213
01/05/2015,2.308,2.228,2.472,2.214,2.136,2.378,2.437,2.346,2.614,2.631,2.562,2.759,3.137
01/12/2015,2.232,2.157,2.386,2.139,2.066,2.293,2.358,2.273,2.524,2.553,2.492,2.668,3.053
01/19/2015,2.157,2.089,2.295,2.066,1.999,2.204,2.277,2.198,2.43,2.473,2.42,2.573,2.933
01/26/2015,2.133,2.069,2.264,2.044,1.982,2.174,2.25,2.173,2.399,2.444,2.393,2.538,2.866
02/02/2015,2.154,2.097,2.271,2.068,2.013,2.183,2.268,2.198,2.402,2.454,2.409,2.536,2.831
02/09/2015,2.276,2.216,2.397,2.191,2.133,2.313,2.388,2.318,2.524,2.568,2.524,2.648,2.835
02/16/2015,2.358,2.29,2.498,2.274,2.206,2.416,2.467,2.384,2.627,2.651,2.6,2.746,2.865
02/23/2015,2.415,2.338,2.573,2.332,2.256,2.491,2.526,2.432,2.708,2.704,2.645,2.815,2.9
03/02/2015,2.556,2.441,2.79,2.473,2.36,2.71,2.671,2.534,2.937,2.837,2.741,3.017,2.936
03/09/2015,2.57,2.448,2.819,2.487,2.367,2.739,2.686,2.542,2.964,2.853,2.749,3.045,2.944
03/16/2015,2.537,2.42,2.776,2.453,2.339,2.693,2.652,2.514,2.919,2.824,2.721,3.015,2.917
03/23/2015,2.538,2.427,2.764,2.457,2.347,2.685,2.65,2.519,2.903,2.817,2.725,2.987,2.864
03/30/2015,2.531,2.43,2.737,2.448,2.348,2.658,2.649,2.53,2.877,2.814,2.733,2.964,2.824
04/06/2015,2.499,2.399,2.701,2.413,2.315,2.619,2.617,2.502,2.839,2.789,2.709,2.938,2.784
04/13/2015,2.494,2.402,2.68,2.408,2.317,2.598,2.616,2.51,2.821,2.786,2.714,2.919,2.754
04/20/2015,2.57,2.477,2.759,2.485,2.393,2.679,2.686,2.582,2.888,2.857,2.785,2.992,2.78
04/27/2015,2.656,2.536,2.899,2.57,2.451,2.821,2.777,2.643,3.036,2.947,2.85,3.126,2.811
05/04/2015,2.749,2.601,3.049,2.664,2.517,2.971,2.87,2.703,3.192,3.036,2.911,3.269,2.854
05/11/2015,2.776,2.631,3.072,2.691,2.547,2.995,2.9,2.738,3.214,3.063,2.94,3.291,2.878
05/18/2015,2.827,2.687,3.114,2.744,2.604,3.037,2.949,2.789,3.26,3.109,2.991,3.328,2.904
05/25/2015,2.857,2.724,3.129,2.774,2.642,3.051,2.975,2.825,3.267,3.14,3.026,3.351,2.914
06/01/2015,2.863,2.738,3.118,2.78,2.656,3.041,2.978,2.837,3.25,3.143,3.038,3.338,2.909
06/08/2015,2.863,2.751,3.093,2.78,2.668,3.014,2.977,2.849,3.224,3.15,3.057,3.323,2.884
06/15/2015,2.918,2.825,3.105,2.835,2.744,3.028,3.025,2.922,3.225,3.202,3.128,3.338,2.87
06/22/2015,2.895,2.803,3.082,2.812,2.72,3.004,3.006,2.902,3.206,3.182,3.109,3.317,2.859
06/29/2015,2.885,2.796,3.066,2.801,2.713,2.985,2.997,2.896,3.193,3.175,3.103,3.31,2.843
07/06/2015,2.877,2.786,3.063,2.793,2.702,2.982,2.99,2.887,3.188,3.168,3.093,3.307,2.832
07/13/2015,2.92,2.778,3.21,2.834,2.694,3.127,3.044,2.878,3.364,3.213,3.087,3.446,2.814
07/20/2015,2.888,2.744,3.183,2.802,2.661,3.098,3.012,2.841,3.343,3.179,3.049,3.419,2.782
07/27/2015,2.833,2.69,3.124,2.745,2.605,3.037,2.96,2.792,3.286,3.129,3.002,3.365,2.723
08/03/2015,2.779,2.641,3.06,2.689,2.555,2.971,2.909,2.745,3.225,3.083,2.959,3.314,2.668
08/10/2015,2.72,2.594,2.977,2.629,2.505,2.888,2.85,2.703,3.134,3.03,2.92,3.236,2.617
08/17/2015,2.803,2.691,3.029,2.716,2.608,2.943,2.927,2.794,3.184,3.096,2.999,3.276,2.615
08/24/2015,2.726,2.62,2.941,2.637,2.534,2.853,2.854,2.728,3.098,3.027,2.936,3.197,2.561
08/31/2015,2.602,2.496,2.819,2.51,2.406,2.727,2.734,2.606,2.981,2.916,2.824,3.087,2.514
09/07/2015,2.532,2.428,2.743,2.437,2.337,2.648,2.662,2.536,2.908,2.853,2.764,3.02,2.534
09/14/2015,2.471,2.374,2.67,2.375,2.28,2.573,2.605,2.488,2.833,2.801,2.72,2.952,2.517
09/21/2015,2.425,2.332,2.615,2.327,2.237,2.518,2.561,2.449,2.778,2.759,2.682,2.9,2.493
09/28/2015,2.418,2.34,2.579,2.322,2.246,2.482,2.551,2.454,2.739,2.748,2.685,2.864,2.476
10/05/2015,2.415,2.347,2.554,2.318,2.252,2.456,2.545,2.459,2.712,2.748,2.697,2.842,2.492
10/12/2015,2.432,2.376,2.545,2.337,2.283,2.448,2.561,2.487,2.703,2.757,2.717,2.832,2.556
10/19/2015,2.374,2.314,2.494,2.277,2.22,2.396,2.505,2.429,2.653,2.705,2.662,2.786,2.531
10/26/2015,2.326,2.262,2.457,2.228,2.166,2.357,2.46,2.379,2.617,2.663,2.614,2.755,2.498
11/02/2015,2.322,2.265,2.439,2.224,2.17,2.337,2.455,2.379,2.602,2.66,2.617,2.741,2.485
11/09/2015,2.335,2.269,2.468,2.235,2.172,2.367,2.468,2.387,2.626,2.678,2.629,2.769,2.502
11/16/2015,2.281,2.21,2.424,2.178,2.11,2.322,2.42,2.335,2.585,2.633,2.58,2.731,2.482
11/23/2015,2.198,2.117,2.362,2.094,2.015,2.258,2.338,2.243,2.522,2.556,2.492,2.675,2.445
11/30/2015,2.165,2.079,2.34,2.059,1.974,2.236,2.308,2.209,2.501,2.529,2.462,2.655,2.421
12/07/2015,2.159,2.074,2.334,2.053,1.969,2.231,2.303,2.206,2.49,2.523,2.457,2.647,2.379
12/14/2015,2.144,2.059,2.317,2.037,1.953,2.214,2.287,2.191,2.474,2.509,2.446,2.626,2.338
12/21/2015,2.133,2.035,2.332,2.026,1.929,2.23,2.28,2.169,2.495,2.499,2.425,2.638,2.284
12/28/2015,2.141,2.039,2.348,2.034,1.933,2.244,2.29,2.172,2.519,2.506,2.427,2.653,2.237
01/04/2016,2.135,2.027,2.354,2.028,1.922,2.25,2.285,2.161,2.525,2.498,2.413,2.656,2.211
01/11/2016,2.104,1.994,2.327,1.996,1.888,2.224,2.253,2.126,2.499,2.469,2.382,2.631,2.177
01/18/2016,2.022,1.917,2.235,1.914,1.81,2.131,2.172,2.052,2.404,2.39,2.308,2.544,2.112
01/25/2016,1.965,1.859,2.182,1.856,1.752,2.076,2.118,1.996,2.352,2.337,2.252,2.495,2.071
02/01/2016,1.932,1.837,2.124,1.822,1.729,2.017,2.085,1.976,2.294,2.307,2.233,2.443,2.031
02/08/2016,1.87,1.773,2.068,1.759,1.663,1.961,2.025,1.915,2.237,2.247,2.172,2.388,2.008
02/15/2016,1.834,1.747,2.01,1.724,1.638,1.904,1.984,1.885,2.176,2.209,2.144,2.33,1.98
02/22/2016,1.837,1.767,1.98,1.73,1.661,1.874,1.983,1.902,2.14,2.205,2.154,2.3,1.983
02/29/2016,1.887,1.817,2.03,1.783,1.715,1.925,2.029,1.943,2.196,2.244,2.191,2.342,1.989
03/07/2016,1.943,1.882,2.067,1.841,1.782,1.964,2.081,2.005,2.227,2.294,2.25,2.374,2.021
03/14/2016,2.062,1.988,2.214,1.961,1.888,2.116,2.2,2.114,2.366,2.409,2.357,2.505,2.099
03/21/2016,2.109,2.036,2.258,2.007,1.935,2.159,2.248,2.163,2.413,2.461,2.41,2.555,2.119
03/28/2016,2.169,2.079,2.353,2.066,1.976,2.255,2.31,2.208,2.507,2.521,2.454,2.645,2.121
04/04/2016,2.185,2.095,2.367,2.083,1.994,2.271,2.323,2.222,2.52,2.532,2.465,2.655,2.115
04/11/2016,2.173,2.085,2.351,2.069,1.981,2.253,2.315,2.217,2.504,2.527,2.463,2.645,2.128
04/18/2016,2.24,2.155,2.411,2.137,2.053,2.314,2.378,2.283,2.562,2.59,2.528,2.706,2.165
04/25/2016,2.265,2.182,2.432,2.162,2.08,2.335,2.405,2.313,2.582,2.616,2.557,2.725,2.198
05/02/2016,2.342,2.271,2.487,2.24,2.168,2.391,2.482,2.404,2.633,2.693,2.647,2.778,2.266
05/09/2016,2.325,2.249,2.481,2.22,2.143,2.384,2.469,2.387,2.627,2.683,2.633,2.775,2.271
05/16/2016,2.345,2.274,2.489,2.242,2.17,2.392,2.485,2.41,2.631,2.7,2.655,2.785,2.297
05/23/2016,2.403,2.339,2.532,2.3,2.235,2.435,2.541,2.472,2.674,2.756,2.717,2.828,2.357
05/30/2016,2.44,2.382,2.557,2.339,2.281,2.461,2.574,2.511,2.696,2.788,2.753,2.852,2.382
06/06/2016,2.482,2.43,2.586,2.381,2.328,2.491,2.616,2.56,2.725,2.83,2.804,2.876,2.407
06/13/2016,2.499,2.444,2.61,2.399,2.343,2.516,2.632,2.573,2.748,2.842,2.812,2.896,2.431
06/20/2016,2.455,2.393,2.581,2.353,2.29,2.484,2.592,2.523,2.725,2.805,2.77,2.872,2.426
06/27/2016,2.432,2.353,2.593,2.329,2.25,2.496,2.57,2.481,2.742,2.785,2.732,2.885,2.426
07/04/2016,2.396,2.311,2.57,2.291,2.205,2.472,2.537,2.442,2.72,2.755,2.696,2.865,2.423
07/11/2016,2.359,2.276,2.527,2.253,2.171,2.426,2.501,2.408,2.682,2.721,2.663,2.83,2.414
07/18/2016,2.336,2.254,2.503,2.23,2.148,2.402,2.479,2.386,2.657,2.701,2.645,2.806,2.402
07/25/2016,2.289,2.211,2.447,2.182,2.105,2.344,2.434,2.345,2.606,2.656,2.602,2.757,2.379
08/01/2016,2.267,2.198,2.406,2.159,2.091,2.302,2.413,2.335,2.565,2.635,2.591,2.716,2.348
08/08/2016,2.256,2.193,2.384,2.15,2.087,2.281,2.398,2.325,2.539,2.621,2.582,2.693,2.316
08/15/2016,2.256,2.203,2.364,2.149,2.096,2.262,2.401,2.34,2.518,2.622,2.593,2.674,2.31
08/22/2016,2.299,2.243,2.413,2.193,2.136,2.312,2.441,2.378,2.563,2.664,2.635,2.718,2.37
08/29/2016,2.341,2.292,2.441,2.237,2.187,2.341,2.481,2.424,2.589,2.701,2.677,2.747,2.409
09/05/2016,2.329,2.277,2.436,2.223,2.17,2.333,2.468,2.405,2.588,2.698,2.671,2.749,2.407
09/12/2016,2.31,2.246,2.439,2.202,2.138,2.336,2.454,2.38,2.597,2.68,2.642,2.751,2.399
09/19/2016,2.333,2.28,2.443,2.225,2.17,2.339,2.481,2.419,2.6,2.706,2.679,2.756,2.389
09/26/2016,2.334,2.276,2.451,2.224,2.166,2.348,2.484,2.419,2.609,2.708,2.679,2.762,2.382
10/03/2016,2.354,2.295,2.476,2.245,2.184,2.375,2.506,2.441,2.631,2.726,2.696,2.782,2.389
10/10/2016,2.381,2.327,2.491,2.272,2.216,2.389,2.529,2.469,2.644,2.754,2.728,2.802,2.445
10/17/2016,2.367,2.309,2.484,2.257,2.198,2.381,2.516,2.452,2.64,2.742,2.712,2.797,2.481
10/24/2016,2.353,2.286,2.49,2.243,2.175,2.386,2.502,2.429,2.644,2.73,2.689,2.804,2.478
10/31/2016,2.341,2.27,2.484,2.23,2.159,2.379,2.493,2.415,2.645,2.719,2.675,2.801,2.479
11/07/2016,2.345,2.27,2.499,2.233,2.157,2.392,2.498,2.416,2.656,2.732,2.681,2.826,2.47
11/14/2016,2.298,2.22,2.458,2.184,2.105,2.349,2.455,2.37,2.618,2.691,2.64,2.787,2.443
11/21/2016,2.269,2.192,2.427,2.155,2.078,2.318,2.423,2.341,2.582,2.66,2.605,2.762,2.421
11/28/2016,2.268,2.193,2.42,2.154,2.079,2.312,2.423,2.342,2.578,2.657,2.607,2.75,2.42
12/05/2016,2.321,2.25,2.464,2.208,2.137,2.356,2.471,2.397,2.615,2.71,2.664,2.795,2.48
12/12/2016,2.347,2.286,2.473,2.236,2.174,2.366,2.494,2.428,2.622,2.732,2.695,2.801,2.493
12/19/2016,2.375,2.316,2.496,2.264,2.203,2.391,2.522,2.461,2.639,2.761,2.727,2.824,2.527
12/26/2016,2.419,2.364,2.531,2.309,2.254,2.426,2.561,2.502,2.673,2.799,2.768,2.858,2.54
01/02/2017,2.485,2.429,2.601,2.377,2.319,2.497,2.622,2.56,2.742,2.865,2.832,2.927,2.586
01/09/2017,2.496,2.437,2.618,2.388,2.328,2.514,2.636,2.571,2.76,2.874,2.838,2.941,2.597
01/16/2017,2.467,2.407,2.59,2.358,2.298,2.486,2.607,2.542,2.732,2.845,2.807,2.914,2.585
01/23/2017,2.436,2.368,2.573,2.326,2.258,2.468,2.578,2.505,2.719,2.817,2.771,2.901,2.569
01/30/2017,2.408,2.337,2.552,2.296,2.224,2.446,2.553,2.476,2.703,2.795,2.749,2.882,2.562
02/06/2017,2.405,2.333,2.552,2.293,2.221,2.446,2.552,2.474,2.703,2.79,2.743,2.878,2.558
02/13/2017,2.418,2.34,2.578,2.307,2.228,2.472,2.566,2.48,2.733,2.801,2.747,2.903,2.565
02/20/2017,2.414,2.336,2.573,2.302,2.224,2.467,2.564,2.477,2.731,2.798,2.744,2.897,2.572
02/27/2017,2.427,2.346,2.592,2.314,2.233,2.484,2.579,2.489,2.753,2.812,2.756,2.917,2.577
03/06/2017,2.452,2.375,2.61,2.341,2.264,2.504,2.604,2.515,2.775,2.833,2.781,2.929,2.579
03/13/2017,2.434,2.353,2.601,2.323,2.242,2.494,2.586,2.492,2.768,2.816,2.759,2.923,2.564
03/20/2017,2.433,2.35,2.602,2.321,2.238,2.495,2.587,2.494,2.766,2.816,2.758,2.923,2.539
03/27/2017,2.428,2.341,2.605,2.315,2.228,2.499,2.583,2.487,2.767,2.812,2.752,2.925,2.532
04/03/2017,2.471,2.393,2.631,2.36,2.281,2.527,2.622,2.537,2.785,2.851,2.799,2.948,2.556
04/10/2017,2.534,2.463,2.68,2.424,2.351,2.577,2.683,2.606,2.831,2.912,2.869,2.991,2.582
04/17/2017,2.546,2.468,2.706,2.436,2.356,2.602,2.694,2.609,2.858,2.927,2.876,3.021,2.597
04/24/2017,2.559,2.484,2.711,2.449,2.372,2.609,2.706,2.627,2.859,2.938,2.893,3.023,2.595
05/01/2017,2.522,2.444,2.683,2.411,2.331,2.578,2.673,2.588,2.837,2.907,2.855,3.002,2.583
05/08/2017,2.484,2.401,2.654,2.372,2.288,2.549,2.635,2.545,2.809,2.87,2.814,2.974,2.565
05/15/2017,2.481,2.396,2.656,2.369,2.283,2.55,2.634,2.54,2.816,2.867,2.807,2.979,2.544
05/22/2017,2.51,2.418,2.698,2.399,2.306,2.594,2.663,2.562,2.857,2.889,2.822,3.013,2.539
05/29/2017,2.516,2.418,2.716,2.406,2.308,2.612,2.665,2.558,2.874,2.894,2.821,3.03,2.571
06/05/2017,2.525,2.437,2.705,2.414,2.325,2.601,2.677,2.579,2.864,2.906,2.843,3.022,2.564
06/12/2017,2.479,2.389,2.661,2.366,2.276,2.554,2.633,2.535,2.823,2.865,2.8,2.984,2.524
06/19/2017,2.433,2.339,2.623,2.318,2.224,2.514,2.593,2.492,2.789,2.825,2.756,2.952,2.489
06/26/2017,2.404,2.316,2.583,2.288,2.201,2.473,2.565,2.468,2.753,2.799,2.735,2.916,2.465
07/03/2017,2.376,2.278,2.574,2.26,2.163,2.464,2.536,2.43,2.742,2.77,2.696,2.907,2.472
07/10/2017,2.411,2.324,2.588,2.297,2.21,2.481,2.569,2.475,2.749,2.798,2.736,2.912,2.481
07/17/2017,2.392,2.303,2.574,2.278,2.188,2.466,2.551,2.455,2.736,2.781,2.719,2.898,2.491
07/24/2017,2.426,2.34,2.601,2.312,2.224,2.495,2.582,2.492,2.757,2.816,2.76,2.92,2.507
07/31/2017,2.467,2.386,2.631,2.352,2.269,2.526,2.623,2.538,2.787,2.86,2.81,2.952,2.531
08/07/2017,2.492,2.405,2.668,2.378,2.29,2.564,2.644,2.553,2.821,2.882,2.825,2.987,2.581
08/14/2017,2.497,2.416,2.664,2.384,2.301,2.558,2.653,2.565,2.823,2.886,2.834,2.983,2.598
08/21/2017,2.474,2.389,2.649,2.36,2.273,2.543,2.631,2.539,2.811,2.865,2.81,2.968,2.596
08/28/2017,2.513,2.438,2.665,2.399,2.322,2.561,2.668,2.588,2.825,2.901,2.859,2.981,2.605
09/04/2017,2.794,2.722,2.939,2.679,2.604,2.835,2.946,2.875,3.085,3.191,3.153,3.262,2.758
09/11/2017,2.8,2.728,2.946,2.685,2.61,2.842,2.953,2.88,3.092,3.197,3.158,3.268,2.802
09/18/2017,2.75,2.678,2.897,2.634,2.559,2.791,2.906,2.831,3.05,3.151,3.112,3.224,2.791
09/25/2017,2.701,2.629,2.846,2.583,2.508,2.74,2.859,2.785,3.001,3.105,3.069,3.171,2.788
10/02/2017,2.682,2.614,2.82,2.565,2.493,2.715,2.841,2.772,2.975,3.085,3.055,3.142,2.792
10/09/2017,2.622,2.547,2.774,2.504,2.426,2.668,2.78,2.702,2.932,3.025,2.986,3.098,2.776
10/16/2017,2.605,2.532,2.754,2.489,2.413,2.648,2.764,2.687,2.913,3.003,2.964,3.077,2.787
10/23/2017,2.594,2.523,2.739,2.479,2.406,2.632,2.75,2.672,2.902,2.987,2.946,3.064,2.797
10/30/2017,2.602,2.526,2.758,2.488,2.41,2.652,2.76,2.679,2.918,2.994,2.947,3.081,2.819
11/06/2017,2.673,2.583,2.858,2.561,2.468,2.754,2.829,2.732,3.018,3.059,2.999,3.17,2.882
11/13/2017,2.706,2.619,2.881,2.592,2.504,2.777,2.865,2.771,3.046,3.092,3.037,3.194,2.915
11/20/2017,2.683,2.597,2.858,2.568,2.48,2.753,2.843,2.75,3.022,3.075,3.021,3.174,2.912
11/27/2017,2.648,2.562,2.825,2.533,2.444,2.719,2.81,2.717,2.99,3.043,2.988,3.146,2.926
12/04/2017,2.617,2.528,2.797,2.5,2.41,2.689,2.778,2.683,2.962,3.014,2.957,3.122,2.922
12/11/2017,2.601,2.519,2.769,2.485,2.401,2.661,2.763,2.675,2.933,3,2.949,3.095,2.91
12/18/2017,2.568,2.478,2.75,2.45,2.358,2.642,2.731,2.636,2.914,2.969,2.912,3.076,2.901
12/25/2017,2.589,2.502,2.765,2.472,2.384,2.658,2.749,2.655,2.931,2.985,2.929,3.09,2.903
01/01/2018,2.637,2.554,2.804,2.52,2.436,2.697,2.798,2.711,2.965,3.035,2.983,3.129,2.973
01/08/2018,2.639,2.548,2.824,2.522,2.429,2.716,2.802,2.705,2.989,3.04,2.981,3.15,2.996
01/15/2018,2.673,2.589,2.843,2.557,2.473,2.735,2.831,2.74,3.009,3.068,3.013,3.169,3.028
01/22/2018,2.684,2.601,2.854,2.567,2.482,2.744,2.845,2.754,3.022,3.085,3.031,3.184,3.025
01/29/2018,2.723,2.634,2.905,2.607,2.516,2.797,2.882,2.784,3.07,3.122,3.064,3.229,3.07
02/05/2018,2.753,2.661,2.94,2.637,2.544,2.832,2.914,2.813,3.109,3.149,3.089,3.262,3.086
02/12/2018,2.724,2.63,2.915,2.607,2.511,2.806,2.888,2.785,3.086,3.125,3.063,3.239,3.063
02/19/2018,2.676,2.576,2.881,2.557,2.455,2.77,2.843,2.732,3.056,3.082,3.013,3.21,3.027
02/26/2018,2.666,2.561,2.88,2.548,2.442,2.77,2.83,2.713,3.055,3.069,2.996,3.205,3.007
03/05/2018,2.679,2.582,2.877,2.56,2.462,2.767,2.845,2.738,3.053,3.084,3.02,3.204,2.992
03/12/2018,2.677,2.574,2.887,2.559,2.455,2.777,2.843,2.728,3.065,3.078,3.007,3.21,2.976
03/19/2018,2.716,2.612,2.926,2.598,2.494,2.817,2.881,2.765,3.105,3.114,3.043,3.247,2.972
03/26/2018,2.764,2.659,2.979,2.648,2.541,2.871,2.928,2.81,3.157,3.161,3.086,3.299,3.01
04/02/2018,2.817,2.71,3.033,2.7,2.592,2.927,2.979,2.863,3.205,3.212,3.14,3.345,3.042
04/09/2018,2.811,2.707,3.024,2.694,2.587,2.918,2.977,2.864,3.196,3.209,3.14,3.338,3.043
04/16/2018,2.863,2.762,3.068,2.747,2.644,2.963,3.025,2.915,3.238,3.256,3.189,3.381,3.104
04/23/2018,2.914,2.814,3.119,2.798,2.696,3.014,3.075,2.967,3.284,3.31,3.243,3.433,3.133
04/30/2018,2.961,2.858,3.17,2.846,2.741,3.068,3.117,3.008,3.33,3.353,3.285,3.479,3.157
05/07/2018,2.96,2.851,3.182,2.845,2.733,3.078,3.119,3.003,3.343,3.354,3.28,3.491,3.171
05/14/2018,2.949,2.846,3.148,2.873,2.786,3.055,3.212,3.076,3.405,3.452,3.347,3.574,3.239
05/21/2018,2.999,2.893,3.201,2.923,2.834,3.109,3.257,3.121,3.448,3.497,3.391,3.617,3.277
05/28/2018,3.039,2.937,3.235,2.962,2.877,3.142,3.296,3.165,3.482,3.536,3.435,3.653,3.288
06/04/2018,3.018,2.91,3.226,2.94,2.849,3.131,3.285,3.146,3.482,3.524,3.417,3.647,3.285
06/11/2018,2.989,2.883,3.194,2.911,2.822,3.099,3.259,3.122,3.453,3.495,3.387,3.619,3.266
06/18/2018,2.958,2.852,3.161,2.879,2.79,3.064,3.23,3.093,3.422,3.47,3.359,3.598,3.244
06/25/2018,2.913,2.808,3.116,2.833,2.745,3.018,3.189,3.055,3.38,3.432,3.324,3.557,3.216
07/02/2018,2.924,2.824,3.117,2.844,2.762,3.019,3.197,3.068,3.382,3.439,3.335,3.559,3.236
07/09/2018,2.937,2.837,3.132,2.857,2.774,3.034,3.207,3.08,3.389,3.454,3.354,3.571,3.243
07/16/2018,2.943,2.852,3.12,2.865,2.79,3.023,3.209,3.093,3.377,3.451,3.362,3.555,3.239
07/23/2018,2.911,2.818,3.092,2.831,2.754,2.994,3.18,3.06,3.352,3.426,3.338,3.529,3.22
07/30/2018,2.924,2.834,3.102,2.846,2.772,3.006,3.189,3.075,3.357,3.433,3.349,3.533,3.226
08/06/2018,2.93,2.843,3.101,2.852,2.781,3.004,3.191,3.08,3.352,3.435,3.354,3.53,3.223
08/13/2018,2.921,2.836,3.089,2.843,2.774,2.993,3.184,3.077,3.339,3.428,3.351,3.518,3.217
08/20/2018,2.9,2.818,3.062,2.821,2.755,2.964,3.171,3.066,3.323,3.407,3.334,3.494,3.207
08/27/2018,2.906,2.824,3.068,2.827,2.761,2.969,3.176,3.069,3.329,3.412,3.336,3.502,3.226
09/03/2018,2.903,2.822,3.064,2.824,2.759,2.964,3.175,3.069,3.328,3.416,3.34,3.505,3.252
09/10/2018,2.912,2.829,3.079,2.833,2.765,2.98,3.184,3.08,3.336,3.426,3.351,3.516,3.258
09/17/2018,2.921,2.834,3.091,2.841,2.771,2.991,3.194,3.081,3.355,3.435,3.35,3.534,3.268
09/24/2018,2.923,2.841,3.082,2.844,2.779,2.982,3.195,3.086,3.349,3.436,3.356,3.528,3.271
10/01/2018,2.947,2.859,3.117,2.866,2.796,3.014,3.223,3.106,3.39,3.468,3.378,3.573,3.313
10/08/2018,2.984,2.892,3.161,2.903,2.829,3.057,3.263,3.136,3.44,3.504,3.405,3.618,3.385
10/15/2018,2.961,2.869,3.141,2.879,2.806,3.034,3.249,3.119,3.431,3.488,3.387,3.603,3.394
10/22/2018,2.925,2.828,3.113,2.841,2.763,3.005,3.221,3.084,3.414,3.463,3.357,3.585,3.38
10/29/2018,2.896,2.799,3.083,2.811,2.732,2.975,3.196,3.064,3.381,3.437,3.334,3.555,3.355
11/05/2018,2.84,2.738,3.036,2.753,2.67,2.927,3.146,3.008,3.34,3.389,3.281,3.514,3.338
11/12/2018,2.773,2.672,2.971,2.686,2.604,2.86,3.086,2.949,3.28,3.326,3.22,3.448,3.317
11/19/2018,2.7,2.594,2.903,2.611,2.525,2.793,3.022,2.883,3.219,3.258,3.151,3.383,3.282
11/26/2018,2.63,2.517,2.85,2.539,2.445,2.736,2.965,2.819,3.171,3.203,3.088,3.335,3.261
12/03/2018,2.544,2.422,2.777,2.451,2.35,2.665,2.883,2.731,3.098,3.119,2.998,3.258,3.207
12/10/2018,2.511,2.395,2.734,2.421,2.325,2.622,2.842,2.696,3.047,3.079,2.959,3.217,3.161
12/17/2018,2.46,2.338,2.694,2.369,2.268,2.583,2.793,2.643,3.004,3.03,2.903,3.176,3.121
12/24/2018,2.413,2.287,2.653,2.321,2.216,2.54,2.75,2.588,2.974,2.987,2.848,3.143,3.077
12/31/2018,2.358,2.227,2.608,2.266,2.156,2.496,2.697,2.532,2.928,2.934,2.793,3.096,3.048
01/07/2019,2.329,2.199,2.578,2.237,2.128,2.465,2.662,2.496,2.895,2.906,2.764,3.069,3.013
01/14/2019,2.338,2.212,2.578,2.247,2.143,2.466,2.66,2.496,2.888,2.907,2.764,3.069,2.976
01/21/2019,2.34,2.216,2.577,2.251,2.147,2.468,2.661,2.5,2.885,2.902,2.769,3.055,2.965
01/28/2019,2.343,2.229,2.567,2.256,2.162,2.458,2.65,2.5,2.866,2.899,2.773,3.045,2.965
02/04/2019,2.341,2.228,2.561,2.254,2.162,2.451,2.644,2.488,2.867,2.895,2.77,3.04,2.966
02/11/2019,2.361,2.251,2.577,2.276,2.187,2.466,2.657,2.5,2.883,2.912,2.783,3.062,2.966
02/18/2019,2.4,2.293,2.61,2.317,2.23,2.502,2.688,2.535,2.906,2.94,2.817,3.081,3.006
02/25/2019,2.471,2.372,2.664,2.39,2.311,2.56,2.739,2.601,2.937,2.998,2.887,3.124,3.048
03/04/2019,2.502,2.412,2.678,2.422,2.352,2.574,2.768,2.638,2.956,3.02,2.919,3.137,3.076
03/11/2019,2.549,2.458,2.726,2.471,2.399,2.625,2.807,2.674,2.999,3.059,2.959,3.175,3.079
03/18/2019,2.625,2.537,2.8,2.548,2.477,2.7,2.879,2.75,3.064,3.135,3.041,3.244,3.07
03/25/2019,2.701,2.604,2.893,2.623,2.544,2.793,2.96,2.819,3.162,3.212,3.105,3.337,3.08
04/01/2019,2.77,2.67,2.967,2.691,2.611,2.863,3.034,2.885,3.25,3.286,3.172,3.419,3.078
04/08/2019,2.826,2.71,3.055,2.745,2.65,2.949,3.103,2.93,3.355,3.354,3.214,3.518,3.093
04/15/2019,2.912,2.785,3.162,2.828,2.725,3.052,3.198,3.006,3.478,3.449,3.29,3.635,3.118
04/22/2019,2.926,2.785,3.206,2.841,2.723,3.097,3.221,3.019,3.515,3.474,3.301,3.677,3.147
04/29/2019,2.972,2.824,3.264,2.887,2.761,3.156,3.27,3.062,3.571,3.523,3.343,3.734,3.169
05/06/2019,2.983,2.834,3.279,2.897,2.771,3.171,3.286,3.083,3.583,3.537,3.357,3.748,3.171
05/13/2019,2.954,2.8,3.256,2.866,2.735,3.149,3.258,3.054,3.554,3.514,3.331,3.726,3.16
05/20/2019,2.939,2.789,3.236,2.852,2.723,3.129,3.245,3.045,3.536,3.499,3.323,3.706,3.163
05/27/2019,2.909,2.762,3.2,2.822,2.696,3.094,3.212,3.022,3.493,3.471,3.3,3.67,3.151
06/03/2019,2.893,2.757,3.164,2.807,2.691,3.058,3.194,3.015,3.458,3.447,3.295,3.627,3.136
06/10/2019,2.821,2.687,3.086,2.732,2.62,2.976,3.134,2.955,3.398,3.383,3.231,3.561,3.105
06/17/2019,2.759,2.621,3.032,2.67,2.553,2.923,3.079,2.897,3.344,3.326,3.174,3.505,3.07
06/24/2019,2.741,2.608,3.002,2.654,2.541,2.896,3.051,2.881,3.299,3.3,3.154,3.471,3.043
07/01/2019,2.798,2.674,3.043,2.713,2.608,2.938,3.095,2.931,3.336,3.343,3.205,3.505,3.042
07/08/2019,2.827,2.708,3.06,2.743,2.644,2.956,3.117,2.959,3.348,3.366,3.237,3.517,3.055
07/15/2019,2.86,2.745,3.089,2.779,2.682,2.987,3.137,2.982,3.365,3.392,3.266,3.539,3.051
07/22/2019,2.833,2.716,3.062,2.75,2.653,2.959,3.116,2.958,3.345,3.368,3.244,3.513,3.044
07/29/2019,2.798,2.68,3.032,2.715,2.615,2.928,3.084,2.924,3.318,3.339,3.21,3.491,3.034
08/05/2019,2.772,2.653,3.007,2.688,2.588,2.902,3.062,2.899,3.3,3.317,3.187,3.469,3.032
08/12/2019,2.71,2.59,2.946,2.624,2.524,2.839,3.01,2.851,3.242,3.266,3.137,3.417,3.011
08/19/2019,2.684,2.567,2.914,2.598,2.501,2.807,2.982,2.826,3.21,3.24,3.115,3.387,2.994
08/26/2019,2.661,2.538,2.905,2.574,2.471,2.797,2.965,2.799,3.206,3.219,3.087,3.374,2.983
09/02/2019,2.651,2.527,2.893,2.563,2.461,2.782,2.96,2.789,3.207,3.215,3.076,3.377,2.976
09/09/2019,2.638,2.517,2.876,2.55,2.45,2.765,2.95,2.783,3.194,3.202,3.069,3.357,2.971
09/16/2019,2.64,2.521,2.874,2.552,2.454,2.763,2.95,2.787,3.186,3.203,3.07,3.359,2.987
09/23/2019,2.741,2.627,2.964,2.654,2.561,2.852,3.048,2.883,3.286,3.296,3.164,3.45,3.081
09/30/2019,2.737,2.586,3.033,2.642,2.518,2.907,3.082,2.855,3.409,3.341,3.142,3.571,3.066
10/07/2019,2.742,2.581,3.058,2.645,2.513,2.929,3.097,2.855,3.449,3.356,3.14,3.61,3.047
10/14/2019,2.727,2.565,3.048,2.629,2.495,2.919,3.085,2.843,3.438,3.345,3.129,3.597,3.051
10/21/2019,2.735,2.581,3.036,2.638,2.512,2.91,3.089,2.861,3.419,3.34,3.144,3.568,3.05
10/28/2019,2.692,2.539,2.995,2.596,2.469,2.871,3.046,2.825,3.366,3.298,3.106,3.522,3.064
11/04/2019,2.702,2.555,2.994,2.605,2.485,2.866,3.064,2.847,3.379,3.313,3.123,3.535,3.062
11/11/2019,2.711,2.563,3.004,2.615,2.493,2.879,3.067,2.855,3.379,3.321,3.136,3.535,3.073
11/18/2019,2.688,2.544,2.971,2.592,2.473,2.851,3.036,2.84,3.323,3.291,3.12,3.49,3.074
11/25/2019,2.672,2.539,2.936,2.579,2.469,2.817,3.015,2.83,3.287,3.264,3.106,3.449,3.066
12/02/2019,2.667,2.554,2.894,2.575,2.485,2.775,2.999,2.84,3.236,3.249,3.116,3.406,3.07
12/09/2019,2.652,2.548,2.863,2.561,2.478,2.745,2.981,2.837,3.197,3.23,3.111,3.372,3.049
12/16/2019,2.627,2.518,2.845,2.536,2.448,2.73,2.955,2.811,3.17,3.204,3.081,3.351,3.046
12/23/2019,2.621,2.516,2.833,2.532,2.447,2.718,2.943,2.802,3.153,3.191,3.074,3.33,3.041
12/30/2019,2.658,2.555,2.862,2.571,2.488,2.751,2.968,2.827,3.176,3.209,3.099,3.338,3.069
01/06/2020,2.665,2.561,2.87,2.578,2.494,2.761,2.973,2.833,3.176,3.214,3.103,3.342,3.079
01/13/2020,2.657,2.549,2.871,2.57,2.482,2.762,2.964,2.817,3.178,3.209,3.093,3.345,3.064
01/20/2020,2.625,2.516,2.841,2.537,2.448,2.731,2.94,2.792,3.155,3.183,3.068,3.318,3.037
01/27/2020,2.595,2.482,2.818,2.506,2.412,2.706,2.911,2.761,3.129,3.163,3.042,3.304,3.01
02/03/2020,2.546,2.428,2.779,2.455,2.358,2.664,2.872,2.709,3.11,3.125,2.998,3.274,2.956
02/10/2020,2.511,2.396,2.74,2.419,2.324,2.624,2.842,2.684,3.075,3.095,2.972,3.241,2.91
02/17/2020,2.518,2.405,2.742,2.428,2.337,2.626,2.841,2.68,3.077,3.091,2.963,3.241,2.89
02/24/2020,2.555,2.441,2.78,2.466,2.373,2.666,2.868,2.709,3.101,3.122,2.996,3.27,2.882
03/02/2020,2.514,2.394,2.754,2.423,2.324,2.639,2.838,2.671,3.085,3.093,2.961,3.248,2.851
03/09/2020,2.468,2.344,2.713,2.375,2.272,2.597,2.798,2.626,3.049,3.054,2.921,3.209,2.814
03/16/2020,2.343,2.213,2.6,2.248,2.139,2.483,2.689,2.516,2.942,2.941,2.805,3.098,2.733
03/23/2020,2.217,2.083,2.478,2.12,2.007,2.361,2.58,2.409,2.828,2.817,2.684,2.97,2.659
03/30/2020,2.103,1.962,2.378,2.005,1.886,2.26,2.473,2.295,2.731,2.716,2.576,2.875,2.586
04/06/2020,2.022,1.877,2.304,1.924,1.8,2.185,2.392,2.207,2.658,2.635,2.485,2.806,2.548
04/13/2020,1.951,1.811,2.224,1.853,1.735,2.106,2.316,2.142,2.568,2.562,2.418,2.729,2.507
04/20/2020,1.91,1.77,2.186,1.812,1.694,2.068,2.275,2.1,2.529,2.519,2.375,2.687,2.48
04/27/2020,1.87,1.731,2.141,1.773,1.655,2.025,2.226,2.053,2.477,2.478,2.334,2.644,2.437
05/04/2020,1.883,1.753,2.136,1.789,1.68,2.02,2.221,2.052,2.465,2.479,2.339,2.639,2.399
05/11/2020,1.941,1.818,2.182,1.851,1.75,2.069,2.257,2.089,2.5,2.519,2.383,2.677,2.394
05/18/2020,1.969,1.845,2.211,1.878,1.776,2.095,2.286,2.113,2.536,2.553,2.415,2.712,2.386
05/25/2020,2.049,1.938,2.267,1.96,1.87,2.153,2.363,2.205,2.588,2.618,2.493,2.761,2.39
06/01/2020,2.064,1.952,2.285,1.974,1.883,2.169,2.38,2.227,2.601,2.638,2.512,2.784,2.386
06/08/2020,2.123,2.014,2.338,2.036,1.947,2.226,2.434,2.283,2.652,2.686,2.565,2.824,2.396
06/15/2020,2.185,2.084,2.384,2.098,2.017,2.272,2.495,2.357,2.695,2.745,2.636,2.869,2.403
06/22/2020,2.216,2.115,2.414,2.129,2.048,2.303,2.521,2.383,2.721,2.773,2.663,2.901,2.425
06/29/2020,2.26,2.162,2.456,2.174,2.094,2.346,2.563,2.428,2.761,2.812,2.707,2.935,2.43
07/06/2020,2.265,2.168,2.456,2.177,2.1,2.344,2.571,2.438,2.764,2.821,2.719,2.94,2.437
07/13/2020,2.283,2.181,2.482,2.195,2.113,2.372,2.589,2.454,2.786,2.842,2.737,2.963,2.438
07/20/2020,2.275,2.168,2.484,2.186,2.099,2.373,2.584,2.443,2.789,2.836,2.726,2.964,2.433
07/27/2020,2.265,2.155,2.482,2.175,2.085,2.369,2.582,2.436,2.793,2.838,2.724,2.97,2.427
08/03/2020,2.266,2.156,2.481,2.176,2.085,2.37,2.587,2.445,2.793,2.834,2.723,2.964,2.424
08/10/2020,2.256,2.149,2.466,2.166,2.078,2.354,2.578,2.437,2.782,2.826,2.716,2.954,2.428
08/17/2020,2.256,2.147,2.473,2.166,2.077,2.359,2.577,2.433,2.791,2.829,2.714,2.966,2.427
08/24/2020,2.272,2.161,2.491,2.182,2.09,2.378,2.595,2.442,2.817,2.842,2.725,2.981,2.426
08/31/2020,2.311,2.204,2.523,2.222,2.135,2.411,2.629,2.484,2.84,2.877,2.763,3.011,2.441
09/07/2020,2.302,2.193,2.518,2.211,2.122,2.405,2.624,2.481,2.836,2.872,2.758,3.008,2.435
09/14/2020,2.274,2.162,2.497,2.183,2.091,2.383,2.6,2.451,2.82,2.851,2.733,2.992,2.422
09/21/2020,2.259,2.149,2.478,2.168,2.078,2.365,2.582,2.432,2.803,2.836,2.721,2.972,2.404
09/28/2020,2.259,2.157,2.463,2.169,2.088,2.346,2.583,2.438,2.799,2.831,2.719,2.966,2.394
10/05/2020,2.262,2.161,2.464,2.172,2.091,2.349,2.583,2.442,2.793,2.833,2.723,2.965,2.387
10/12/2020,2.257,2.154,2.465,2.167,2.084,2.35,2.579,2.434,2.794,2.829,2.716,2.965,2.395
10/19/2020,2.24,2.134,2.454,2.15,2.064,2.338,2.565,2.416,2.787,2.815,2.698,2.957,2.388
10/26/2020,2.234,2.124,2.455,2.143,2.053,2.34,2.559,2.407,2.785,2.81,2.69,2.955,2.385
11/02/2020,2.204,2.092,2.43,2.112,2.021,2.314,2.533,2.378,2.765,2.786,2.661,2.936,2.372
11/09/2020,2.188,2.074,2.417,2.096,2.004,2.3,2.517,2.358,2.755,2.771,2.643,2.926,2.383
11/16/2020,2.202,2.089,2.429,2.111,2.018,2.312,2.532,2.377,2.765,2.783,2.656,2.936,2.441
11/23/2020,2.194,2.08,2.422,2.102,2.009,2.305,2.525,2.369,2.759,2.779,2.652,2.933,2.462
11/30/2020,2.211,2.093,2.444,2.12,2.022,2.329,2.54,2.379,2.778,2.792,2.661,2.947,2.502
12/07/2020,2.246,2.133,2.469,2.156,2.063,2.355,2.567,2.412,2.798,2.82,2.694,2.968,2.526
12/14/2020,2.247,2.132,2.474,2.158,2.063,2.361,2.565,2.407,2.8,2.821,2.693,2.973,2.559
12/21/2020,2.311,2.204,2.522,2.224,2.137,2.41,2.618,2.466,2.843,2.871,2.749,3.015,2.619
12/28/2020,2.33,2.225,2.535,2.243,2.158,2.423,2.634,2.482,2.858,2.889,2.77,3.031,2.635
01/04/2021,2.336,2.227,2.549,2.249,2.16,2.437,2.639,2.484,2.867,2.895,2.771,3.042,2.64
01/11/2021,2.403,2.298,2.61,2.317,2.232,2.498,2.702,2.55,2.927,2.959,2.839,3.101,2.67
01/18/2021,2.464,2.351,2.688,2.379,2.285,2.579,2.759,2.601,2.995,3.014,2.885,3.166,2.696
01/25/2021,2.478,2.363,2.703,2.392,2.298,2.593,2.776,2.615,3.014,3.033,2.9,3.191,2.716
